{"0":{"ward":1,"location":[77.6077333222,13.1105470463]},"1":{"ward":2,"location":[77.5955939544,13.1248762362]},"2":{"ward":3,"location":[77.5569918851,13.1071742788]},"3":{"ward":4,"location":[77.5863573831,13.1004323574]},"4":{"ward":5,"location":[77.623671277,13.1184459608]},"5":{"ward":6,"location":[77.6254763937,13.0607641256]},"6":{"ward":7,"location":[77.6061721671,13.0644908731]},"7":{"ward":8,"location":[77.5774208895,13.0544700771]},"8":{"ward":9,"location":[77.5759718878,13.0578260985]},"9":{"ward":10,"location":[77.555623789,13.0419451927]},"10":{"ward":11,"location":[77.5301376026,13.0728626907]},"11":{"ward":12,"location":[77.5034215282,13.0607140148]},"12":{"ward":13,"location":[77.5092512063,13.0512478156]},"13":{"ward":14,"location":[77.503719175,13.0644576287]},"14":{"ward":15,"location":[77.5106343696,13.0499394306]},"15":{"ward":16,"location":[77.5409828289,13.0348993531]},"16":{"ward":17,"location":[77.5493061977,13.0383202986]},"17":{"ward":18,"location":[77.5792618653,13.0413675239]},"18":{"ward":19,"location":[77.5722564685,13.0429577317]},"19":{"ward":20,"location":[77.5881216333,13.029689953]},"20":{"ward":21,"location":[77.5870078327,13.0397318648]},"21":{"ward":22,"location":[77.5974641418,13.0378236362]},"22":{"ward":23,"location":[77.6108766475,13.0344606766]},"23":{"ward":24,"location":[77.6382602146,13.033246073]},"24":{"ward":25,"location":[77.6711528785,13.0134892625]},"25":{"ward":25,"location":[77.6451229164,13.0680134158]},"26":{"ward":26,"location":[77.6673893312,13.0402960256]},"27":{"ward":27,"location":[77.6621821241,13.0169762829]},"28":{"ward":28,"location":[77.6387600539,13.0127918383]},"29":{"ward":29,"location":[77.6331241164,13.0275551651]},"30":{"ward":30,"location":[77.6192788515,13.0154254906]},"31":{"ward":31,"location":[77.6172857642,13.0162906004]},"32":{"ward":32,"location":[77.6034357208,13.0304104341]},"33":{"ward":33,"location":[77.5954940947,13.0316589443]},"34":{"ward":34,"location":[77.5907547921,13.0222219766]},"35":{"ward":35,"location":[77.5760640057,12.9964749832]},"36":{"ward":36,"location":[77.5645784098,13.0263487274]},"37":{"ward":37,"location":[77.5538637601,13.0229285069]},"38":{"ward":38,"location":[77.5253947321,13.034306769]},"39":{"ward":39,"location":[77.4983579138,13.0414639724]},"40":{"ward":40,"location":[77.4883894396,13.0095249099]},"41":{"ward":41,"location":[77.5059246207,13.0105367886]},"42":{"ward":42,"location":[77.5289840311,13.0252220668]},"43":{"ward":43,"location":[77.5286412797,13.0099456935]},"44":{"ward":44,"location":[77.5518642757,13.0256815587]},"45":{"ward":45,"location":[77.5685335363,13.0183447671]},"46":{"ward":46,"location":[77.6007410777,13.0209890985]},"47":{"ward":47,"location":[77.609318394,13.0151153229]},"48":{"ward":48,"location":[77.6093990408,13.0158050397]},"49":{"ward":49,"location":[77.6224956601,13.0084845312]},"50":{"ward":50,"location":[77.6371100116,13.0115410337]},"51":{"ward":51,"location":[77.6684492569,13.0053724253]},"52":{"ward":52,"location":[77.6808183221,13.018342338]},"53":{"ward":53,"location":[77.7251194351,13.0019350817]},"54":{"ward":54,"location":[77.7395453687,13.0502290785]},"55":{"ward":55,"location":[77.6944401755,13.006405604]},"56":{"ward":56,"location":[77.6641081398,12.9862352864]},"57":{"ward":57,"location":[77.65077066,12.9776305598]},"58":{"ward":58,"location":[77.649061327,12.9687800628]},"59":{"ward":59,"location":[77.6375958567,13.0054687117]},"60":{"ward":60,"location":[77.6162937444,13.0003473796]},"61":{"ward":61,"location":[77.6058418076,13.003629316]},"62":{"ward":62,"location":[77.6007053568,13.0104503829]},"63":{"ward":63,"location":[77.5940345007,13.0005064547]},"64":{"ward":64,"location":[77.5770603086,13.006266284]},"65":{"ward":65,"location":[77.5701477143,13.0069002663]},"66":{"ward":66,"location":[77.5580848943,13.0121484656]},"67":{"ward":67,"location":[77.5452897004,13.010110501]},"68":{"ward":68,"location":[77.5345792218,13.0121425351]},"69":{"ward":69,"location":[77.5227934485,13.0063993204]},"70":{"ward":70,"location":[77.5160943567,13.0052308845]},"71":{"ward":71,"location":[77.5026091235,13.0049918328]},"72":{"ward":72,"location":[77.4899739232,12.9816506805]},"73":{"ward":73,"location":[77.5117015207,12.9672764292]},"74":{"ward":74,"location":[77.5273798583,12.994480273]},"75":{"ward":75,"location":[77.5358875134,12.999527545]},"76":{"ward":76,"location":[77.5579884442,12.9986318025]},"77":{"ward":77,"location":[77.5774838917,12.9982590282]},"78":{"ward":78,"location":[77.613954539,12.9954138948]},"79":{"ward":79,"location":[77.6288089672,12.9901829609]},"80":{"ward":80,"location":[77.643689531,12.9734452713]},"81":{"ward":81,"location":[77.6832520988,12.9878174785]},"82":{"ward":82,"location":[77.7023314538,12.9820008457]},"83":{"ward":83,"location":[77.7428734485,12.9877590046]},"84":{"ward":84,"location":[77.7389423059,12.9794797486]},"85":{"ward":85,"location":[77.7070927757,12.977041859]},"86":{"ward":86,"location":[77.6872789292,12.95348093]},"87":{"ward":87,"location":[77.6785885404,12.9656109806]},"88":{"ward":88,"location":[77.6420153663,12.9675334105]},"89":{"ward":89,"location":[77.6399996147,12.9754074026]},"90":{"ward":90,"location":[77.6150457739,12.9778878854]},"91":{"ward":91,"location":[77.6169166334,12.9885709588]},"92":{"ward":92,"location":[77.6094358903,12.9906241513]},"93":{"ward":93,"location":[77.5801164525,12.9817165819]},"94":{"ward":94,"location":[77.58240356,12.9865610735]},"95":{"ward":95,"location":[77.5665883349,12.9730595209]},"96":{"ward":96,"location":[77.5595253924,12.9849369844]},"97":{"ward":97,"location":[77.5648198096,12.9914553421]},"98":{"ward":98,"location":[77.5539858833,12.9888317934]},"99":{"ward":99,"location":[77.5570997432,12.9961485179]},"100":{"ward":100,"location":[77.5434954448,12.9956946982]},"101":{"ward":101,"location":[77.5303243173,12.9894341115]},"102":{"ward":102,"location":[77.5276653324,12.9870843357]},"103":{"ward":103,"location":[77.520381578,12.9731967319]},"104":{"ward":104,"location":[77.536144649,12.9757792272]},"105":{"ward":105,"location":[77.5469327417,12.9768016826]},"106":{"ward":106,"location":[77.5436651621,12.9770756169]},"107":{"ward":107,"location":[77.5473894054,12.9864974123]},"108":{"ward":108,"location":[77.5574716168,12.9770127539]},"109":{"ward":109,"location":[77.5826830826,12.9692284913]},"110":{"ward":110,"location":[77.6125288616,12.9822205885]},"111":{"ward":111,"location":[77.6138336022,12.973855868]},"112":{"ward":112,"location":[77.6374221615,12.9605158105]},"113":{"ward":113,"location":[77.6548670591,12.9613239132]},"114":{"ward":114,"location":[77.6426028828,12.954176886]},"115":{"ward":115,"location":[77.616452168,12.9493866724]},"116":{"ward":116,"location":[77.6076368527,12.9497867098]},"117":{"ward":117,"location":[77.5995677771,12.9634972883]},"118":{"ward":118,"location":[77.5829680643,12.9593458884]},"119":{"ward":119,"location":[77.5762873574,12.9674380456]},"120":{"ward":120,"location":[77.5672441631,12.9697696579]},"121":{"ward":121,"location":[77.5556877454,12.9666235492]},"122":{"ward":122,"location":[77.5569042115,12.9706291334]},"123":{"ward":123,"location":[77.5534624317,12.9747033521]},"124":{"ward":124,"location":[77.5541073354,12.9679801418]},"125":{"ward":125,"location":[77.5361899628,12.9737049627]},"126":{"ward":126,"location":[77.5239855538,12.965414476]},"127":{"ward":127,"location":[77.5281091852,12.9708337064]},"128":{"ward":128,"location":[77.5133172956,12.9526978674]},"129":{"ward":129,"location":[77.4906237674,12.9738598805]},"130":{"ward":130,"location":[77.4841965621,12.9573363964]},"131":{"ward":131,"location":[77.5247191724,12.9366550131]},"132":{"ward":132,"location":[77.5204477262,12.9459847901]},"133":{"ward":133,"location":[77.5422436143,12.9506830675]},"134":{"ward":134,"location":[77.5431894193,12.9599136255]},"135":{"ward":135,"location":[77.554456094,12.9650037393]},"136":{"ward":136,"location":[77.5537748292,12.9628500315]},"137":{"ward":137,