{"0":{"Ward No.":2,"location":[77.5804220948,13.1217094456]},"1":{"Ward No.":3,"location":[77.5600377598,13.102804869]},"2":{"Ward No.":4,"location":[77.5839254307,13.0909866592]},"3":{"Ward No.":51,"location":[77.6695653043,13.0060632643]},"4":{"Ward No.":53,"location":[77.7154564679,13.0168470327]},"5":{"Ward No.":54,"location":[77.7054933252,13.0223755214]},"6":{"Ward No.":55,"location":[77.6891215904,13.0017973536]},"7":{"Ward No.":56,"location":[77.6725826644,12.9944744122]},"8":{"Ward No.":81,"location":[77.6817701254,12.978492977]},"9":{"Ward No.":87,"location":[77.6715015075,12.9565365691]},"10":{"Ward No.":10,"location":[77.5586924958,13.0565951297]},"11":{"Ward No.":11,"location":[77.5418693524,13.072079819]},"12":{"Ward No.":5,"location":[77.623313955,13.0962502934]},"13":{"Ward No.":6,"location":[77.622410741,13.0565248615]},"14":{"Ward No.":7,"location":[77.5973709783,13.0610706104]},"15":{"Ward No.":8,"location":[77.5790877633,13.053845599]},"16":{"Ward No.":9,"location":[77.5694540248,13.0770924127]},"17":{"Ward No.":130,"location":[77.4846181877,12.946716145]},"18":{"Ward No.":159,"location":[77.4775276169,12.9150685525]},"19":{"Ward No.":40,"location":[77.4845431002,13.018075868]},"20":{"Ward No.":72,"location":[77.4871585444,12.9828072658]},"21":{"Ward No.":16,"location":[77.5393387865,13.0464436988]},"22":{"Ward No.":160,"location":[77.5221415117,12.9187572603]},"23":{"Ward No.":17,"location":[77.5524237414,13.0366283169]},"24":{"Ward No.":37,"location":[77.5538567686,13.0260290009]},"25":{"Ward No.":38,"location":[77.5317054302,13.0319047415]},"26":{"Ward No.":42,"location":[77.5324717738,13.0206027348]},"27":{"Ward No.":69,"location":[77.5238999867,13.0076873582]},"28":{"Ward No.":73,"location":[77.5140904059,12.9824564569]},"29":{"Ward No.":12,"location":[77.5194091911,13.0679966887]},"30":{"Ward No.":13,"location":[77.5151259164,13.0544363601]},"31":{"Ward No.":14,"location":[77.500280005,13.0588925022]},"32":{"Ward No.":15,"location":[77.5147357512,13.0453580232]},"33":{"Ward No.":39,"location":[77.506306686,13.0380504146]},"34":{"Ward No.":41,"location":[77.508611276,13.0209017997]},"35":{"Ward No.":70,"location":[77.5122492471,13.0061996149]},"36":{"Ward No.":71,"location":[77.5009754398,13.0010055252]},"37":{"Ward No.":102,"location":[77.5258790256,12.9897724159]},"38":{"Ward No.":43,"location":[77.5341416116,13.0134499363]},"39":{"Ward No.":44,"location":[77.5462421542,13.0174803548]},"40":{"Ward No.":67,"location":[77.5481305165,13.0041261575]},"41":{"Ward No.":68,"location":[77.5400425872,13.0073496522]},"42":{"Ward No.":74,"location":[77.5315839709,12.9950480331]},"43":{"Ward No.":75,"location":[77.5344077698,12.9999842826]},"44":{"Ward No.":35,"location":[77.5770224616,13.0153491712]},"45":{"Ward No.":36,"location":[77.5610338495,13.0325895561]},"46":{"Ward No.":45,"location":[77.5616732071,13.0140735272]},"47":{"Ward No.":64,"location":[77.5790601846,13.0013721395]},"48":{"Ward No.":65,"location":[77.5684910901,13.0023854255]},"49":{"Ward No.":66,"location":[77.5571089856,13.0070401323]},"50":{"Ward No.":76,"location":[77.5605137788,12.9974360956]},"51":{"Ward No.":18,"location":[77.570571689,13.0383051457]},"52":{"Ward No.":19,"location":[77.5777997092,13.0393013347]},"53":{"Ward No.":20,"location":[77.5863604495,13.0325549216]},"54":{"Ward No.":21,"location":[77.5930187449,13.0340544602]},"55":{"Ward No.":22,"location":[77.6037405824,13.0351744766]},"56":{"Ward No.":33,"location":[77.5973052922,13.0267426995]},"57":{"Ward No.":34,"location":[77.5888153931,13.0177748927]},"58":{"Ward No.":46,"location":[77.5959757654,13.0171716167]},"59":{"Ward No.":31,"location":[77.615017409,13.0162733108]},"60":{"Ward No.":32,"location":[77.6085689954,13.0263505691]},"61":{"Ward No.":47,"location":[77.6027525099,13.0154531443]},"62":{"Ward No.":48,"location":[77.610978541,13.0141600375]},"63":{"Ward No.":60,"location":[77.6168659479,13.0055771247]},"64":{"Ward No.":61,"location":[77.6070579868,13.0053276327]},"65":{"Ward No.":78,"location":[77.6118558337,12.9953435379]},"66":{"Ward No.":23,"location":[77.6166958348,13.0315090728]},"67":{"Ward No.":24,"location":[77.6301273656,13.0320201235]},"68":{"Ward No.":27,"location":[77.6489273734,13.0146989651]},"69":{"Ward No.":28,"location":[77.6359927314,13.0083736988]},"70":{"Ward No.":29,"location":[77.6340107399,13.0194167842]},"71":{"Ward No.":30,"location":[77.6198640587,13.015543514]},"72":{"Ward No.":49,"location":[77.6269718547,13.00994594]},"73":{"Ward No.":59,"location":[77.6300806168,12.9999210819]},"74":{"Ward No.":113,"location":[77.6522047334,12.9557797462]},"75":{"Ward No.":50,"location":[77.6517042882,12.9995016789]},"76":{"Ward No.":57,"location":[77.6652028542,12.9839496975]},"77":{"Ward No.":58,"location":[77.6567910593,12.9765036486]},"78":{"Ward No.":79,"location":[77.6310394811,12.9891700284]},"79":{"Ward No.":80,"location":[77.6387829786,12.9784561075]},"80":{"Ward No.":88,"location":[77.6500328479,12.964651638]},"81":{"Ward No.":110,"location":[77.5953720295,12.9767945721]},"82":{"Ward No.":62,"location":[77.599076639,13.0059760284]},"83":{"Ward No.":63,"location":[77.5999310114,12.9951067097]},"84":{"Ward No.":90,"location":[77.6198221307,12.9797043313]},"85":{"Ward No.":91,"location":[77.6110403572,12.9870144095]},"86":{"Ward No.":92,"location":[77.6058728427,12.9887016751]},"87":{"Ward No.":93,"location":[77.5858046983,12.9891311126]},"88":{"Ward No.":111,"location":[77.6064642946,12.9698666569]},"89":{"Ward No.":112,"location":[77.6380404127,12.9633614843]},"90":{"Ward No.":114,"location":[77.6390466853,12.9442634035]},"91":{"Ward No.":115,"location":[77.6189409399,12.9542092835]},"92":{"Ward No.":116,"location":[77.6146441302,12.9511599439]},"93":{"Ward No.":117,"location":[77.6037050495,12.9573236549]},"94":{"Ward No.":89,"location":[77.6325939695,12.9737245348]},"95":{"Ward No.":109,"location":[77.5770978875,12.9706877408]},"96":{"Ward No.":120,"location":[77.5662871521,12.9703588123]},"97":{"Ward No.":121,"location":[77.5590969095,12.9717984207]},"98":{"Ward No.":77,"location":[77.574138003,12.9965554678]},"99":{"Ward No.":94,"location":[77.5756650129,12.9815648081]},"100":{"Ward No.":95,"location":[77.5686274619,12.9826668015]},"101":{"Ward No.":96,"location":[77.563816624,12.9827837272]},"102":{"Ward No.":100,"location":[77.5421301173,12.9908084449]},"103":{"Ward No.":101,"location":[77.533870704,12.9867975705]},"104":{"Ward No.":107,"location":[77.5495200479,12.9885035897]},"105":{"Ward No.":108,"location":[77.5558908791,12.9837673096]},"106":{"Ward No.":97,"location":[77.5641946734,12.991097057]},"107":{"Ward No.":98,"location":[77.5582212219,12.9930942205]},"108":{"Ward No.":99,"location":[77.5501925897,12.9945988368]},"109":{"Ward No.":103,"location":[77.5248978783,12.9797422679]},"110":{"Ward No.":104,"location":[77.53668248,12.9771164127]},"111":{"Ward No.":105,"location":[77.5415353944,12.9804974028]},"112":{"Ward No.":106,"location":[77.5484753583,12.9796541721]},"113":{"Ward No.":125,"location":[77.5328436441,12.9718892617]},"114":{"Ward No.":126,"location":[77.528464352,12.9667105528]},"115":{"Ward No.":127,"location":[77.5216405824,12.9692392152]},"116":{"Ward No.":128,"location":[77.5193661462,12.9558427308]},"117":{"Ward No.":131,"location":[77.5199607393,12.9451408764]},"118":{"Ward No.":122,"location":[77.5554793838,12.9723126236]},"119":{"Ward No.":123,"location":[77.5470438347,12.9720925543]},"120":{"Ward No.":124,"location":[77.5438119925,12.9676691462]},"121":{"Ward No.":132,"location":[77.5293089283,12.9581117077]},"122":{"Ward No.":133,"location":[77.5376145866,12.9599491946]},"123":{"Ward No.":134,"location":[77.5432214137,12.9579761]},"124":{"Ward No.":157,"location":[77.5446560301,12.9501592455]},"125":{"Ward No.":158,"location":[77.5362326389,12.9445404294]},"126":{"Ward No.":135,"location":[77.5488120505,12.9637025463]},"127":{"Ward No.":136,"location":[77.5519414464,12.9605447476]},"128":{"Ward No.":137,